" Microsoft Cloud for Retail Adoption Guide | Microsoft Partners - Mar 4, 2025 - 11:59:59 AM",,,,,
,,,,,
,,,,,
Your overall results,Excellent,'4/4',,,
Retail Readiness Resources,Excellent,'4/5',,,
Marketplace Offer Development Resources,Excellent,'3/3',,,
Retail Cosell Acceleration Resources,Excellent,'3/3',,,
,,,,,
,,,,,
,https://learn.microsoft.com,,,,
,,,,,
Category,Link-Text,Link,Priority,ReportingCategory,ReportingSubcategory,Weight,Context,CompleteY/N,Note
Retail Readiness Resources,Microsoft Cloud for Retail Partner Messaging Framework,https://assetsprod.microsoft.com/mpn/en-us/microsoft-cloud-for-retail-through-partner-messaging-framework.docx,High,,,0,,N,
Retail Readiness Resources,Microsoft Cloud for Retail through-partner AI Narrative,https://assetsprod.microsoft.com/mpn/en-us/microsoft-cloud-for-retail-through-partner-ai-narrative.pptx,High,,,0,,N,
Retail Readiness Resources,"Microsoft Retail Industry Priority Scenarios ",https://learn.microsoft.com/en-us/azure/cloud-adoption-framework/industry/retail/industry-priority-scenarios,High,,,0,,N,
Retail Readiness Resources,Overview of Microsoft Cloud for Retail reference architectures,https://learn.microsoft.com/en-us/industry/retail/architecture/overview,High,,,0,,N,
Retail Readiness Resources,"Get started with Microsoft Cloud for Retail Self-Paced training ",https://learn.microsoft.com/en-us/training/paths/get-started-retail/,High,,,0,,N,
Retail Readiness Resources,"Get started with Store Operations Assist in Microsoft Cloud for Retail Self-Paced Training ",https://learn.microsoft.com/en-us/training/paths/get-started-store-operations-assist/?source=recommendations,High,,,0,,N,
Retail Readiness Resources,"Discover Microsoft AI for leaders in retail Self-Paced Training ",https://learn.microsoft.com/en-us/training/paths/discover-microsoft-ai-leaders-retail/,High,,,0,,N,
Retail Readiness Resources,"Get started with Smart Store Analytics in Microsoft Cloud for Retail Self-Paced Training ",https://learn.microsoft.com/en-us/training/paths/get-started-smart-store-analytics/,High,,,0,,N,
Retail Readiness Resources,"Integrate Store Operations Assist with Microsoft Teams Self-Paced Training ",https://learn.microsoft.com/en-us/training/paths/retail-store-operations-assist-teams/,High,,,0,,N,
Marketplace Offer Development Resources,Sell Through the Commercial Marketplace,https://learn.microsoft.com/en-us/training/paths/sell-through-commercial-marketplace/,High,,,0,,N,
Marketplace Offer Development Resources,Microsoft Commercial Marketplace Publisher FAQ,https://learn.microsoft.com/en-us/partner-center/marketplace/marketplace-faq-publisher-guide,High,,,0,,N,
Marketplace Offer Development Resources,Mastering the Marketplace: Office Hours,https://aka.ms/MTMofficehours,High,,,0,,N,
Retail Cosell Acceleration Resources,Retail Partner Industry Sales Kits,https://partner.microsoft.com/en-us/asset/collection/retail-to-partner-industry-sales-kit#/,High,,,0,,N,
Retail Cosell Acceleration Resources,Microsoft Cloud for Retail Partner Assets,https://partner.microsoft.com/en-us/asset/collection/microsoft-cloud-retail-partner-assets#/,High,,,0,,N,
Retail Cosell Acceleration Resources,Recommended Sellers Training: Get started with Microsoft Cloud for Retail,https://learn.microsoft.com/en-us/training/paths/get-started-retail/,High,,,0,,N,
-----------,,,,,
,,,,,
Category,Question,Answers,Selected Answer,Note
Retail Readiness Resources,Messaging and Use Cases,Microsoft Cloud for Retail Partner Messaging Framework,Microsoft Cloud for Retail Partner Messaging Framework,,
Retail Readiness Resources,Messaging and Use Cases,Microsoft Cloud for Retail through-partner AI Narrative,Microsoft Cloud for Retail through-partner AI Narrative,,
Retail Readiness Resources,Messaging and Use Cases,"Microsoft Retail Industry Priority Scenarios ","Microsoft Retail Industry Priority Scenarios ",,
Retail Readiness Resources,Messaging and Use Cases,Microsoft Cloud for Retail Reference architectures,Microsoft Cloud for Retail Reference architectures,,
Retail Readiness Resources,Training Resources,"Get started with Microsoft Cloud for Retail Self-Paced training ","Get started with Microsoft Cloud for Retail Self-Paced training ",,
Retail Readiness Resources,Training Resources,"Get started with Store Operations Assist in Microsoft Cloud for Retail Self-Paced Training ","Get started with Store Operations Assist in Microsoft Cloud for Retail Self-Paced Training ",,
Retail Readiness Resources,Training Resources,"Discover Microsoft AI for leaders in retail Self-Paced Training ","Discover Microsoft AI for leaders in retail Self-Paced Training ",,
Retail Readiness Resources,Training Resources,"Get started with Smart Store Analytics in Microsoft Cloud for Retail Self-Paced Training ","Get started with Smart Store Analytics in Microsoft Cloud for Retail Self-Paced Training ",,
Retail Readiness Resources,Training Resources,"Integrate Store Operations Assist with Microsoft Teams Self-Paced Training ","Integrate Store Operations Assist with Microsoft Teams Self-Paced Training ",,
Marketplace Offer Development Resources,"Marketplace Training and Support Resources ",Sell Through the Commercial Marketplace,Sell Through the Commercial Marketplace,,
Marketplace Offer Development Resources,"Marketplace Training and Support Resources ",Microsoft Commercial Marketplace Publisher FAQ,Microsoft Commercial Marketplace Publisher FAQ,,
Marketplace Offer Development Resources,"Marketplace Training and Support Resources ",Mastering the Marketplace: Office Hours,Mastering the Marketplace: Office Hours,,
Retail Cosell Acceleration Resources,Go-To-Market Assets & Recommended Seller Training,Retail Partner Industry Sales Kits,Retail Partner Industry Sales Kits,,
Retail Cosell Acceleration Resources,Go-To-Market Assets & Recommended Seller Training,Microsoft Cloud for Retail Partner Assets,Microsoft Cloud for Retail Partner Assets,,
Retail Cosell Acceleration Resources,Go-To-Market Assets & Recommended Seller Training,Recommended Sellers Training: Get started with Microsoft Cloud for Retail,Recommended Sellers Training: Get started with Microsoft Cloud for Retail,,
